標題,人氣,日期
[花邊] Curry:我永遠無法想像身邊沒有K湯與嘴綠,爆, 4/17
[新聞] 勇士附加賽慘輸！K湯生涯第5度單場0分 球迷狠酸「NBA版林力,43, 4/17
沒有標題,2, 4/17
"[花邊] 老巴: Zion might be a star, superstar",52, 4/17
[新聞] NBA》從落選秀到附加賽奇兵 國王壓制勇,34, 4/17
[新聞] 勇士王朝崩塌！附加賽0勝3敗寫史上最慘,99, 4/17
[討論] K湯 對比 MLB 天才小史,-1, 4/17
沒有標題,-1, 4/17
沒有標題,14, 4/17
[討論] 勇士今天怎麼沒用舔哥先發??,85, 4/17
[情報] LBJ：我從沒拿過DPOY，這沒道理,99, 4/17
沒有標題,-1, 4/17
[新聞] 狀元克拉克效應！ WNBA選秀熱度爆炸,87, 4/17
[新聞] K湯賽後凝視球場、未接受訪問 這會是他勇,86, 4/17
[情報] Perkins公布自己的年度隊投票,6, 4/17
[公告] 板規10.1,-1,11/29
[情報] 2023-24 Schedule (03/30~),37, 3/31
[公告] 季後賽條款,44, 4/08
"[情報] NBA Standings (Apr. 15, 2024) End",爆, 4/15
[公告] NBA 板 開始舉辦樂透!,7, 4/17
